{
  "session_id": 24,
  "params": {
    "max_cycle_capital": 10000.0,
    "max_picks_per_cycle": 40,
    "family_cap": 2000.0,
    "min_fill": 0.35,
    "min_persist": 0.3,
    "strict_depth_threshold": 1.35,
    "projected_hit_threshold": 0.75
  },
  "results": [
    {
      "variant": "baseline",
      "selected": 2249,
      "raw_profit": 526986.9714155114,
      "robust_profit": 317084.1495895185,
      "capital": 1249301.42025,
      "profit_per_cap": 0.42182532003369944,
      "robust_profit_per_cap": 0.2538091644257206,
      "dup_rate": 0.9915518008003558,
      "per_cycle_dup_rate": 0.0,
      "family_concentration": 0.24007297909737568,
      "avg_fill": 0.958889451311694,
      "avg_depth": 18.796879577590044,
      "avg_roi": 47.274141083791996,
      "projected_hit": 0.8301467318808359,
      "realized_hit": 0.9919964428634949,
      "calibration_gap": 0.161849710982659,
      "strict_depth_pass_rate": 0.6162738995108937,
      "roi_outlier_share": 0.055135615829257446,
      "uniq_sigs": 19,
      "utility": 0.9662995051138284
    },
    {
      "variant": "family_budget_only",
      "selected": 2124,
      "raw_profit": 497647.94316784304,
      "robust_profit": 299481.67361576547,
      "capital": 1246142.6676999999,
      "profit_per_cap": 0.3993506972089718,
      "robust_profit_per_cap": 0.240326955635439,
      "dup_rate": 0.9919962335216572,
      "per_cycle_dup_rate": 0.0,
      "family_concentration": 0.20061908357686195,
      "avg_fill": 0.9905992354048965,
      "avg_depth": 19.400879939265536,
      "avg_roi": 36.26617671905768,
      "projected_hit": 0.8206214689265536,
      "realized_hit": 0.9919962335216572,
      "calibration_gap": 0.1713747645951036,
      "strict_depth_pass_rate": 0.647834274952919,
      "roi_outlier_share": 0.0,
      "uniq_sigs": 17,
      "utility": 0.9392361316914036
    },
    {
      "variant": "risk_rank_only",
      "selected": 2621,
      "raw_profit": 593683.6103915417,
      "robust_profit": 355935.5856099878,
      "capital": 1241631.33825,
      "profit_per_cap": 0.47814805578949127,
      "robust_profit_per_cap": 0.286667688423245,
      "dup_rate": 0.9904616558565433,
      "per_cycle_dup_rate": 0.0,
      "family_concentration": 0.24155601144275482,
      "avg_fill": 0.8686047554368562,
      "avg_depth": 16.41415305604731,
      "avg_roi": 63.57360172510382,
      "projected_hit": 0.8073254483021748,
      "realized_hit": 0.9919877909194964,
      "calibration_gap": 0.18466234261732162,
      "strict_depth_pass_rate": 0.5734452499046165,
      "roi_outlier_share": 0.09462037390309043,
      "uniq_sigs": 25,
      "utility": 1.032398805124365
    },
    {
      "variant": "unique_actionable_only",
      "selected": 2249,
      "raw_profit": 526986.9714155114,
      "robust_profit": 317084.1495895185,
      "capital": 1249301.42025,
      "profit_per_cap": 0.42182532003369944,
      "robust_profit_per_cap": 0.2538091644257206,
      "dup_rate": 0.9915518008003558,
      "per_cycle_dup_rate": 0.0,
      "family_concentration": 0.24007297909737568,
      "avg_fill": 0.958889451311694,
      "avg_depth": 18.796879577590044,
      "avg_roi": 47.274141083791996,
      "projected_hit": 0.8301467318808359,
      "realized_hit": 0.9919964428634949,
      "calibration_gap": 0.161849710982659,
      "strict_depth_pass_rate": 0.6162738995108937,
      "roi_outlier_share": 0.055135615829257446,
      "uniq_sigs": 19,
      "utility": 0.9662995051138284
    },
    {
      "variant": "staleness_penalty_only",
      "selected": 2249,
      "raw_profit": 510182.49141551147,
      "robust_profit": 309708.67053830624,
      "capital": 1248993.90025,
      "profit_per_cap": 0.40847476622054985,
      "robust_profit_per_cap": 0.24796651967340644,
      "dup_rate": 0.9915518008003558,
      "per_cycle_dup_rate": 0.0,
      "family_concentration": 0.24013208846733916,
      "avg_fill": 0.9582057696754114,
      "avg_depth": 18.798777669630947,
      "avg_roi": 38.38114369142247,
      "projected_hit": 0.8265895953757225,
      "realized_hit": 0.9919964428634949,
      "calibration_gap": 0.16540684748777235,
      "strict_depth_pass_rate": 0.6127167630057804,
      "roi_outlier_share": 0.0,
      "uniq_sigs": 19,
      "utility": 0.9533225608922105
    },
    {
      "variant": "strict_depth_only",
      "selected": 2978,
      "raw_profit": 353445.74863928073,
      "robust_profit": 336833.5280538917,
      "capital": 1154298.49175,
      "profit_per_cap": 0.3061996105560455,
      "robust_profit_per_cap": 0.2918079946056481,
      "dup_rate": 0.9865681665547347,
      "per_cycle_dup_rate": 0.0,
      "family_concentration": 0.15336507616120262,
      "avg_fill": 0.8422846677635997,
      "avg_depth": 17.989416425688383,
      "avg_roi": 36.0175453936002,
      "projected_hit": 1.0,
      "realized_hit": 0.9916051040967092,
      "calibration_gap": 0.008394895903290789,
      "strict_depth_pass_rate": 1.0,
      "roi_outlier_share": 0.041638683680322364,
      "uniq_sigs": 40,
      "utility": 1.0168211579799322
    },
    {
      "variant": "full_combo",
      "selected": 2976,
      "raw_profit": 353297.08739164454,
      "robust_profit": 336700.4831823438,
      "capital": 1153499.71553,
      "profit_per_cap": 0.3062827694147412,
      "robust_profit_per_cap": 0.2918947258063602,
      "dup_rate": 0.9865591397849462,
      "per_cycle_dup_rate": 0.0,
      "family_concentration": 0.1534712785071302,
      "avg_fill": 0.8421786762768817,
      "avg_depth": 17.999846486458335,
      "avg_roi": 36.02924325619065,
      "projected_hit": 1.0,
      "realized_hit": 0.9915994623655914,
      "calibration_gap": 0.008400537634408622,
      "strict_depth_pass_rate": 1.0,
      "roi_outlier_share": 0.041666666666666664,
      "uniq_sigs": 40,
      "utility": 1.016578353622213
    },
    {
      "variant": "loo_no_family",
      "selected": 2978,
      "raw_profit": 353445.74863928073,
      "robust_profit": 336833.5280538917,
      "capital": 1154298.49175,
      "profit_per_cap": 0.3061996105560455,
      "robust_profit_per_cap": 0.2918079946056481,
      "dup_rate": 0.9865681665547347,
      "per_cycle_dup_rate": 0.0,
      "family_concentration": 0.15336507616120262,
      "avg_fill": 0.8422846677635997,
      "avg_depth": 17.989416425688383,
      "avg_roi": 36.0175453936002,
      "projected_hit": 1.0,
      "realized_hit": 0.9916051040967092,
      "calibration_gap": 0.008394895903290789,
      "strict_depth_pass_rate": 1.0,
      "roi_outlier_share": 0.041638683680322364,
      "uniq_sigs": 40,
      "utility": 1.0168211579799322
    },
    {
      "variant": "loo_no_risk",
      "selected": 2976,
      "raw_profit": 353297.08739164454,
      "robust_profit": 336700.4831823438,
      "capital": 1153499.71553,
      "profit_per_cap": 0.3062827694147412,
      "robust_profit_per_cap": 0.2918947258063602,
      "dup_rate": 0.9865591397849462,
      "per_cycle_dup_rate": 0.0,
      "family_concentration": 0.1534712785071302,
      "avg_fill": 0.8421786762768817,
      "avg_depth": 17.999846486458335,
      "avg_roi": 36.02924325619065,
      "projected_hit": 1.0,
      "realized_hit": 0.9915994623655914,
      "calibration_gap": 0.008400537634408622,
      "strict_depth_pass_rate": 1.0,
      "roi_outlier_share": 0.041666666666666664,
      "uniq_sigs": 40,
      "utility": 1.016578353622213
    },
    {
      "variant": "loo_no_unique",
      "selected": 2976,
      "raw_profit": 353297.08739164454,
      "robust_profit": 336700.4831823438,
      "capital": 1153499.71553,
      "profit_per_cap": 0.3062827694147412,
      "robust_profit_per_cap": 0.2918947258063602,
      "dup_rate": 0.9865591397849462,
      "per_cycle_dup_rate": 0.0,
      "family_concentration": 0.1534712785071302,
      "avg_fill": 0.8421786762768817,
      "avg_depth": 17.999846486458335,
      "avg_roi": 36.02924325619065,
      "projected_hit": 1.0,
      "realized_hit": 0.9915994623655914,